﻿
SetupTitle, I/V Sweep
PrimitiveTest, I/V Sweep
TestParameter, Context.MainFrame, B1500A
TestParameter, Channel.UnitType, SMU, SMU, SMU, SMU
TestParameter, Channel.Unit, SMU1:HP, SMU2:MP, SMU3:MP, SMU4:MP
TestParameter, Channel.IName, I, IDD1, IDD2, II
TestParameter, Channel.VName, V, VDD1, VDD2, VV
TestParameter, Channel.Mode, V, V, V, V
TestParameter, Channel.Func, VAR1, CONST, CONST, CONST
TestParameter, Channel.Index, 
TestParameter, Channel.Time, 
TestParameter, Measurement.Port.Unit, SMU1:HP, SMU2:MP, SMU3:MP, SMU4:MP
TestParameter, Measurement.Port.SeriesResistor, NONE, NONE, NONE, NONE
TestParameter, Measurement.Port.Filter, ON, ON, ON, ON
TestParameter, Measurement.Port.OutputVoltageComparison, 0, 0, 0, 0
TestParameter, Measurement.Primary.Locus, Single
TestParameter, Measurement.Primary.Scale, LINEAR
TestParameter, Measurement.Primary.Start, -2
TestParameter, Measurement.Primary.Stop, 2
TestParameter, Measurement.Primary.Step, 0.04
TestParameter, Measurement.Primary.Compliance, 0.1
TestParameter, Measurement.Primary.PowerCompliance, 0
TestParameter, Measurement.Aborting.Condition, CONTINUE AT ANY
TestParameter, Measurement.PostOutput.Value, START
TestParameter, Measurement.PostOutput.Retention, OFF
TestParameter, Measurement.Bias.Source, -2, 1.8, 1.1, 0
TestParameter, Measurement.Bias.Compliance, 0.1, 0.1, 0.1, 0.1
TestParameter, Measurement.Monitor.Unit, SMU1:HP, SMU2:MP, SMU3:MP, SMU4:MP
TestParameter, Measurement.Monitor.Adc, HR ADC, HR ADC, HR ADC, HR ADC
TestParameter, Measurement.Monitor.Measurement, Compliance Side, Compliance Side, Compliance Side, Compliance Side
TestParameter, Measurement.Monitor.RangingMode, LIMITED, LIMITED, LIMITED, LIMITED
TestParameter, Measurement.Monitor.RangeBoundary, 1nA, 1nA, 1nA, 1nA
TestParameter, Measurement.Monitor.RangeRating, BY FULL RANGE, BY FULL RANGE, BY FULL RANGE, BY FULL RANGE
TestParameter, Measurement.Monitor.RangeRatingCoeff, 50, 50, 50, 50
TestParameter, Measurement.Timing.Hold, 0
TestParameter, Measurement.Timing.Delay, 0
TestParameter, Measurement.Adc.HighSpeed.Mode, AUTO
TestParameter, Measurement.Adc.HighSpeed.Coeff, 1
TestParameter, Measurement.Adc.HighResolution.AutoZero, OFF
TestParameter, Measurement.Adc.HighResolution.Mode, AUTO
TestParameter, Measurement.Adc.HighResolution.Coeff, 6
TestParameter, Measurement.WaitTime.Source.Coeff, 1
TestParameter, Measurement.WaitTime.Source.Offset, 0
TestParameter, Measurement.WaitTime.Monitor.Coeff, 1
TestParameter, Measurement.WaitTime.Monitor.Offset, 0
TestParameter, Output.Graph.Enabled, true
TestParameter, Output.Graph.AutoScaling, false
TestParameter, Output.Graph.XAxis.Data, V
TestParameter, Output.Graph.XAxis.Scale, Linear
TestParameter, Output.Graph.XAxis.Left, -2
TestParameter, Output.Graph.XAxis.Right, 2
TestParameter, Output.Graph.XAxis.RunTimeAutoScale, true
TestParameter, Output.Graph.YAxis.Data, I
TestParameter, Output.Graph.YAxis.Scale, Linear
TestParameter, Output.Graph.YAxis.Bottom, -0.1
TestParameter, Output.Graph.YAxis.Top, 0.1
TestParameter, Output.Graph.YAxis.Group, 
TestParameter, Output.Graph.YAxis.RunTimeAutoScale, true
TestParameter, AutoAnalysis.Interpolation, false
TestParameter, AutoAnalysis.Var2StepCount, 1
TestParameter, AutoAnalysis.Var2StepScript, 
TestParameter, AutoAnalysis.Line1.Enabled, false
TestParameter, AutoAnalysis.Line1.Type, 1
TestParameter, AutoAnalysis.Line1.Fix, True
TestParameter, AutoAnalysis.Line1.YAxis, 0
TestParameter, AutoAnalysis.Line1.Point1.Type, 0
TestParameter, AutoAnalysis.Line1.Point1.XY.X, 
TestParameter, AutoAnalysis.Line1.Point1.XY.Y, 
TestParameter, AutoAnalysis.Line1.Point1.Data.Var, 
TestParameter, AutoAnalysis.Line1.Point1.Data.Condition, 
TestParameter, AutoAnalysis.Line1.Point1.Data.Start, false
TestParameter, AutoAnalysis.Line1.Point1.Data.StartVar, 
TestParameter, AutoAnalysis.Line1.Point1.Data.StartCondition, 
TestParameter, AutoAnalysis.Line1.Point2.Type, 0
TestParameter, AutoAnalysis.Line1.Point2.XY.X, 
TestParameter, AutoAnalysis.Line1.Point2.XY.Y, 
TestParameter, AutoAnalysis.Line1.Point2.Data.Var, 
TestParameter, AutoAnalysis.Line1.Point2.Data.Condition, 
TestParameter, AutoAnalysis.Line1.Point2.Data.Start, false
TestParameter, AutoAnalysis.Line1.Point2.Data.StartVar, 
TestParameter, AutoAnalysis.Line1.Point2.Data.StartCondition, 
TestParameter, AutoAnalysis.Line1.GradientExpr, 0
TestParameter, AutoAnalysis.Line2.Enabled, false
TestParameter, AutoAnalysis.Line2.Type, 1
TestParameter, AutoAnalysis.Line2.Fix, True
TestParameter, AutoAnalysis.Line2.YAxis, 0
TestParameter, AutoAnalysis.Line2.Point1.Type, 0
TestParameter, AutoAnalysis.Line2.Point1.XY.X, 
TestParameter, AutoAnalysis.Line2.Point1.XY.Y, 
TestParameter, AutoAnalysis.Line2.Point1.Data.Var, 
TestParameter, AutoAnalysis.Line2.Point1.Data.Condition, 
TestParameter, AutoAnalysis.Line2.Point1.Data.Start, false
TestParameter, AutoAnalysis.Line2.Point1.Data.StartVar, 
TestParameter, AutoAnalysis.Line2.Point1.Data.StartCondition, 
TestParameter, AutoAnalysis.Line2.Point2.Type, 0
TestParameter, AutoAnalysis.Line2.Point2.XY.X, 
TestParameter, AutoAnalysis.Line2.Point2.XY.Y, 
TestParameter, AutoAnalysis.Line2.Point2.Data.Var, 
TestParameter, AutoAnalysis.Line2.Point2.Data.Condition, 
TestParameter, AutoAnalysis.Line2.Point2.Data.Start, false
TestParameter, AutoAnalysis.Line2.Point2.Data.StartVar, 
TestParameter, AutoAnalysis.Line2.Point2.Data.StartCondition, 
TestParameter, AutoAnalysis.Line2.GradientExpr, 0
TestParameter, AutoAnalysis.Marker.Enabled, false
TestParameter, AutoAnalysis.Marker.Data.Var, 
TestParameter, AutoAnalysis.Marker.Data.Condition, 
TestParameter, AutoAnalysis.Marker.Data.Start, false
TestParameter, AutoAnalysis.Marker.Data.StartVar, 
TestParameter, AutoAnalysis.Marker.Data.StartCondition, 
MetaData, TestRecord.EntryPoint, true
MetaData, TestRecord.RecordTime, 10/19/2022 15:15:41
MetaData, TestRecord.TestTarget, 
MetaData, TestRecord.IterationIndex, 41
MetaData, TestRecord.Preservation, true
MetaData, TestRecord.Flag, 
MetaData, TestRecord.Remarks, 
MetaData, TestRecord.LinkKey, 8a953693-78bc-41e7-9b11-962143dab711
MetaData, TestRecord.Parameters, 
AnalysisSetup, Analysis.Setup.Vector.Graph.Enabled, true
AnalysisSetup, Analysis.Setup.Vector.Graph.ActiveYAxis, 0
AnalysisSetup, Analysis.Setup.Vector.Graph.LeftYAxis, 0
AnalysisSetup, Analysis.Setup.Vector.Graph.RightYAxis, -1
AnalysisSetup, Analysis.Setup.Vector.Graph.XAxis.Name, V
AnalysisSetup, Analysis.Setup.Vector.Graph.XAxis.GroupName, 
AnalysisSetup, Analysis.Setup.Vector.Graph.XAxis.RunTimeAutoScale, true
AnalysisSetup, Analysis.Setup.Vector.Graph.XAxis.Unit, V
AnalysisSetup, Analysis.Setup.Vector.Graph.XAxis.Scale, Linear
AnalysisSetup, Analysis.Setup.Vector.Graph.XAxis.Left, -2
AnalysisSetup, Analysis.Setup.Vector.Graph.XAxis.Right, 2
AnalysisSetup, Analysis.Setup.Vector.Graph.YAxis.Name, I
AnalysisSetup, Analysis.Setup.Vector.Graph.YAxis.GroupName, 
AnalysisSetup, Analysis.Setup.Vector.Graph.YAxis.RunTimeAutoScale, true
AnalysisSetup, Analysis.Setup.Vector.Graph.YAxis.Unit, A
AnalysisSetup, Analysis.Setup.Vector.Graph.YAxis.Scale, Linear
AnalysisSetup, Analysis.Setup.Vector.Graph.YAxis.Bottom, -0.0048
AnalysisSetup, Analysis.Setup.Vector.Graph.YAxis.Top, 0.035
AnalysisSetup, Analysis.Setup.Vector.Graph.Operation.Marker.Enabled, false
AnalysisSetup, Analysis.Setup.Vector.Graph.Operation.Marker.Interpolation, false
AnalysisSetup, Analysis.Setup.Vector.Graph.Operation.Marker.Index, 0
AnalysisSetup, Analysis.Setup.Vector.Graph.Operation.Marker.Step, 0
AnalysisSetup, Analysis.Setup.Vector.Graph.Operation.Cursor.Enabled, false
AnalysisSetup, Analysis.Setup.Vector.Graph.Operation.Cursor.Active, true
AnalysisSetup, Analysis.Setup.Vector.Graph.Operation.Cursor.NormalX, 0.5
AnalysisSetup, Analysis.Setup.Vector.Graph.Operation.Cursor.NormalY, 0.12060301507537687
AnalysisSetup, Analysis.Setup.Vector.Graph.Operation.Line1.Enabled, false
AnalysisSetup, Analysis.Setup.Vector.Graph.Operation.Line1.Active, false
AnalysisSetup, Analysis.Setup.Vector.Graph.Operation.Line1.Fix, false
AnalysisSetup, Analysis.Setup.Vector.Graph.Operation.Line1.Type, 1
AnalysisSetup, Analysis.Setup.Vector.Graph.Operation.Line1.YAxisIndex, 0
AnalysisSetup, Analysis.Setup.Vector.Graph.Operation.Line1.LastIndex, -1
AnalysisSetup, Analysis.Setup.Vector.Graph.Operation.Line1.LastStep, -1
AnalysisSetup, Analysis.Setup.Vector.Graph.Operation.Line1.Cursor1.Enabled, false
AnalysisSetup, Analysis.Setup.Vector.Graph.Operation.Line1.Cursor1.Active, false
AnalysisSetup, Analysis.Setup.Vector.Graph.Operation.Line1.Cursor1.NormalX, 0.5
AnalysisSetup, Analysis.Setup.Vector.Graph.Operation.Line1.Cursor1.NormalY, 0.12060301507537687
AnalysisSetup, Analysis.Setup.Vector.Graph.Operation.Line1.Cursor2.Enabled, false
AnalysisSetup, Analysis.Setup.Vector.Graph.Operation.Line1.Cursor2.Active, false
AnalysisSetup, Analysis.Setup.Vector.Graph.Operation.Line1.Cursor2.NormalX, 0.5
AnalysisSetup, Analysis.Setup.Vector.Graph.Operation.Line1.Cursor2.NormalY, 0.12060301507537687
AnalysisSetup, Analysis.Setup.Vector.Graph.Operation.Line1.Gradient, 
AnalysisSetup, Analysis.Setup.Vector.Graph.Operation.Line2.Enabled, false
AnalysisSetup, Analysis.Setup.Vector.Graph.Operation.Line2.Active, false
AnalysisSetup, Analysis.Setup.Vector.Graph.Operation.Line2.Fix, false
AnalysisSetup, Analysis.Setup.Vector.Graph.Operation.Line2.Type, 1
AnalysisSetup, Analysis.Setup.Vector.Graph.Operation.Line2.YAxisIndex, 0
AnalysisSetup, Analysis.Setup.Vector.Graph.Operation.Line2.LastIndex, -1
AnalysisSetup, Analysis.Setup.Vector.Graph.Operation.Line2.LastStep, -1
AnalysisSetup, Analysis.Setup.Vector.Graph.Operation.Line2.Cursor1.Enabled, false
AnalysisSetup, Analysis.Setup.Vector.Graph.Operation.Line2.Cursor1.Active, false
AnalysisSetup, Analysis.Setup.Vector.Graph.Operation.Line2.Cursor1.NormalX, 0.5
AnalysisSetup, Analysis.Setup.Vector.Graph.Operation.Line2.Cursor1.NormalY, 0.12060301507537687
AnalysisSetup, Analysis.Setup.Vector.Graph.Operation.Line2.Cursor2.Enabled, false
AnalysisSetup, Analysis.Setup.Vector.Graph.Operation.Line2.Cursor2.Active, false
AnalysisSetup, Analysis.Setup.Vector.Graph.Operation.Line2.Cursor2.NormalX, 0.5
AnalysisSetup, Analysis.Setup.Vector.Graph.Operation.Line2.Cursor2.NormalY, 0.12060301507537687
AnalysisSetup, Analysis.Setup.Vector.Graph.Operation.Line2.Gradient, 
AnalysisSetup, Analysis.Setup.Vector.Graph.Preference.BackgroundColor, -1
AnalysisSetup, Analysis.Setup.Vector.Graph.Preference.TextColor, -16777216
AnalysisSetup, Analysis.Setup.Vector.Graph.Preference.GridColor, -3618616
AnalysisSetup, Analysis.Setup.Vector.Graph.Preference.LineColor, -65336
AnalysisSetup, Analysis.Setup.Vector.Graph.Preference.Var2LabelColor, -11513776
AnalysisSetup, Analysis.Setup.Vector.Graph.Preference.ChangeToColor, -24416
AnalysisSetup, Analysis.Setup.Vector.Graph.Preference.GridStyle, 0
AnalysisSetup, Analysis.Setup.Vector.Graph.Preference.LineStyle, 0
AnalysisSetup, Analysis.Setup.Vector.Graph.Preference.Var2LabelStyle, Adjacent
AnalysisSetup, Analysis.Setup.Vector.Graph.Preference.Plots.Y1.Visible, true
AnalysisSetup, Analysis.Setup.Vector.Graph.Preference.Plots.Y1.PlotColor, -16777036
AnalysisSetup, Analysis.Setup.Vector.Graph.Preference.Plots.Y1.Thickness, 1
AnalysisSetup, Analysis.Setup.Vector.Graph.Preference.Plots.Y1.PlotStyle, 0
AnalysisSetup, Analysis.Setup.Vector.Graph.Preference.Plots.Y2.Visible, true
AnalysisSetup, Analysis.Setup.Vector.Graph.Preference.Plots.Y2.PlotColor, -39936
AnalysisSetup, Analysis.Setup.Vector.Graph.Preference.Plots.Y2.Thickness, 1
AnalysisSetup, Analysis.Setup.Vector.Graph.Preference.Plots.Y2.PlotStyle, 0
AnalysisSetup, Analysis.Setup.Vector.Graph.Preference.Plots.Y3.Visible, true
AnalysisSetup, Analysis.Setup.Vector.Graph.Preference.Plots.Y3.PlotColor, -16731136
AnalysisSetup, Analysis.Setup.Vector.Graph.Preference.Plots.Y3.Thickness, 1
AnalysisSetup, Analysis.Setup.Vector.Graph.Preference.Plots.Y3.PlotStyle, 0
AnalysisSetup, Analysis.Setup.Vector.Graph.Preference.Plots.Y4.Visible, true
AnalysisSetup, Analysis.Setup.Vector.Graph.Preference.Plots.Y4.PlotColor, -8892376
AnalysisSetup, Analysis.Setup.Vector.Graph.Preference.Plots.Y4.Thickness, 1
AnalysisSetup, Analysis.Setup.Vector.Graph.Preference.Plots.Y4.PlotStyle, 0
AnalysisSetup, Analysis.Setup.Vector.Graph.Preference.Plots.Y5.Visible, true
AnalysisSetup, Analysis.Setup.Vector.Graph.Preference.Plots.Y5.PlotColor, -65536
AnalysisSetup, Analysis.Setup.Vector.Graph.Preference.Plots.Y5.Thickness, 1
AnalysisSetup, Analysis.Setup.Vector.Graph.Preference.Plots.Y5.PlotStyle, 0
AnalysisSetup, Analysis.Setup.Vector.Graph.Preference.Plots.Y6.Visible, true
AnalysisSetup, Analysis.Setup.Vector.Graph.Preference.Plots.Y6.PlotColor, -14336
AnalysisSetup, Analysis.Setup.Vector.Graph.Preference.Plots.Y6.Thickness, 1
AnalysisSetup, Analysis.Setup.Vector.Graph.Preference.Plots.Y6.PlotStyle, 0
AnalysisSetup, Analysis.Setup.Vector.Graph.Preference.Plots.Y7.Visible, true
AnalysisSetup, Analysis.Setup.Vector.Graph.Preference.Plots.Y7.PlotColor, -6946586
AnalysisSetup, Analysis.Setup.Vector.Graph.Preference.Plots.Y7.Thickness, 1
AnalysisSetup, Analysis.Setup.Vector.Graph.Preference.Plots.Y7.PlotStyle, 0
AnalysisSetup, Analysis.Setup.Vector.Graph.Preference.Plots.Y8.Visible, true
AnalysisSetup, Analysis.Setup.Vector.Graph.Preference.Plots.Y8.PlotColor, -16733546
AnalysisSetup, Analysis.Setup.Vector.Graph.Preference.Plots.Y8.Thickness, 1
AnalysisSetup, Analysis.Setup.Vector.Graph.Preference.Plots.Y8.PlotStyle, 0
AnalysisSetup, Analysis.Setup.Vector.Graph.Preference.Text.AxisTitle.FontName, Tahoma
AnalysisSetup, Analysis.Setup.Vector.Graph.Preference.Text.AxisTitle.RelativeSize, Medium
AnalysisSetup, Analysis.Setup.Vector.Graph.Preference.Text.AxisTitle.Size, 7
AnalysisSetup, Analysis.Setup.Vector.Graph.Preference.Text.ScaleText.FontName, Tahoma
AnalysisSetup, Analysis.Setup.Vector.Graph.Preference.Text.ScaleText.RelativeSize, Medium
AnalysisSetup, Analysis.Setup.Vector.Graph.Preference.Text.ScaleText.Size, 7
AnalysisSetup, Analysis.Setup.Vector.Graph.Preference.Text.Legend.FontName, Tahoma
AnalysisSetup, Analysis.Setup.Vector.Graph.Preference.Text.Legend.RelativeSize, Medium
AnalysisSetup, Analysis.Setup.Vector.Graph.Preference.Text.Legend.Size, 7
AnalysisSetup, Analysis.Setup.Vector.Graph.Preference.Scale.LogTickedDecadeCount, 6
AnalysisSetup, Analysis.Setup.Vector.Graph.Preference.LogoVisible, true
AnalysisSetup, Analysis.Setup.Vector.Graph.Preference.GridVisible, true
AnalysisSetup, Analysis.Setup.Vector.Graph.Preference.SetupSummaryVisible, false
AnalysisSetup, Analysis.Setup.Vector.Graph.Preference.ChangeColorEnabled, false
AnalysisSetup, Analysis.Setup.Vector.Graph.Preference.MinorTicksValueVisible, false
AnalysisSetup, Analysis.Setup.Vector.Graph.Preference.CursorFormat, 0
AnalysisSetup, Analysis.Setup.Vector.Graph.Preference.CursorDigits, 6
AnalysisSetup, Analysis.Setup.Vector.Graph.Preference.MarkerFormat, 0
AnalysisSetup, Analysis.Setup.Vector.Graph.Preference.MarkerDigits, 6
AnalysisSetup, Analysis.Setup.Vector.Graph.Preference.InterceptFormat, 0
AnalysisSetup, Analysis.Setup.Vector.Graph.Preference.InterceptDigits, 6
AnalysisSetup, Analysis.Setup.Vector.Graph.Preference.Var2LabelVisible, false
AnalysisSetup, Analysis.Setup.Vector.Graph.Preference.ParametersVisible, false
AnalysisSetup, Analysis.Setup.Vector.Graph.Preference.GridNumberFixity, false
AnalysisSetup, Analysis.Setup.Vector.Graph.Preference.AddsVerticalMargin, true
AnalysisSetup, Analysis.Setup.Vector.Graph.Notes, [VAR1] Unit=SMU1:HP, Name=V, Direction=Single, Linear/Log=LINEAR, Start=-2 V, Stop=2 V, Step=40 mV, No. of Steps=101, Compliance=100 mA, Pwr Comp=OFF	[CONSTANTS] Unit=SMU2:MP, Name=VDD1, Source Mode=V, Source=1.8 V, Compliance=100 mA	[CONSTANTS] Unit=SMU3:MP, Name=VDD2, Source Mode=V, Source=1.1 V, Compliance=100 mA	[CONSTANTS] Unit=SMU4:MP, Name=VV, Source Mode=V, Source=0 V, Compliance=100 mA
AnalysisSetup, Analysis.Setup.Vector.Graph.SetupInfo, 		2E-05	2E-05	5
AnalysisSetup, Analysis.Setup.Preference.GraphVisible, true
AnalysisSetup, Analysis.Setup.Preference.ListVisible, true
AnalysisSetup, Analysis.Setup.Preference.ScalarVisible, true
AnalysisSetup, Analysis.Setup.Title, I/V Sweep
Dimension1, 101, 101
Dimension2, 1, 1
DataName, V, I
DataValue, -2, -0.004762
DataValue, -1.9600000000000002, -0.0043564
DataValue, -1.9200000000000002, -0.003967
DataValue, -1.8800000000000001, -0.003594
DataValue, -1.84, -0.0032376
DataValue, -1.8, -0.0028984
DataValue, -1.76, -0.0025772
DataValue, -1.72, -0.0022716
DataValue, -1.6800000000000002, -0.0019834
DataValue, -1.6400000000000001, -0.0017132
DataValue, -1.6, -0.0014606
DataValue, -1.56, -0.0012282
DataValue, -1.52, -0.0010156
DataValue, -1.48, -0.00082484000000000008
DataValue, -1.4400000000000002, -0.00065588000000000007
DataValue, -1.4000000000000001, -0.00051034000000000008
DataValue, -1.36, -0.00038682
DataValue, -1.32, -0.00028478
DataValue, -1.28, -0.00020352
DataValue, -1.24, -0.00014108
DataValue, -1.2, -9.4466E-05
DataValue, -1.1600000000000001, -6.151E-05
DataValue, -1.12, -3.9022E-05
DataValue, -1.08, -2.3894000000000002E-05
DataValue, -1.04, -1.4326E-05
DataValue, -1, -8.6989E-06
DataValue, -0.96000000000000008, -5.0472000000000006E-06
DataValue, -0.92, -3.1070000000000005E-06
DataValue, -0.88, -2.0970000000000004E-06
DataValue, -0.84000000000000008, -1.1963E-06
DataValue, -0.8, -1.0693E-06
DataValue, -0.76, -6.7216E-07
DataValue, -0.72000000000000008, -4.41E-07
DataValue, -0.68, -3.5532E-07
DataValue, -0.64, -2.1592E-07
DataValue, -0.6, -1.5508E-07
DataValue, -0.56, -1.9592E-07
DataValue, -0.52, -2.0003999999999998E-07
DataValue, -0.48000000000000004, -1.2085999999999999E-07
DataValue, -0.44, -1.1826E-07
DataValue, -0.4, -1.7594E-07
DataValue, -0.36000000000000004, -1.493E-07
DataValue, -0.32, -5.2712E-07
DataValue, -0.28, -3.169E-07
DataValue, -0.24000000000000002, -2.5063999999999997E-07
DataValue, -0.2, -1.3418E-07
DataValue, -0.16, -1.2986E-07
DataValue, -0.12000000000000001, -1.8208E-07
DataValue, -0.08, -1.044E-07
DataValue, -0.04, -1.5496E-07
DataValue, 0, -8.2243999999999992E-08
DataValue, 0.04, -3.4336799999999994E-08
DataValue, 0.08, -2.2750599999999998E-08
DataValue, 0.12000000000000001, -1.3816999999999999E-08
DataValue, 0.16, -6.1514E-09
DataValue, 0.2, 1.8663E-09
DataValue, 0.24000000000000002, 2.2972199999999996E-08
DataValue, 0.28, 7.5575999999999988E-08
DataValue, 0.32, 2.3033999999999998E-07
DataValue, 0.36000000000000004, 4.5968E-07
DataValue, 0.4, 7.389E-07
DataValue, 0.44, 1.1410000000000002E-06
DataValue, 0.48000000000000004, 2.2999E-06
DataValue, 0.52, 6.5430000000000007E-06
DataValue, 0.56, 1.9892000000000002E-05
DataValue, 0.6, 6.2146E-05
DataValue, 0.64, 0.00016876
DataValue, 0.68, 0.00040652
DataValue, 0.72000000000000008, 0.00083388000000000006
DataValue, 0.76, 0.0014418
DataValue, 0.8, 0.0021856
DataValue, 0.84000000000000008, 0.0030296
DataValue, 0.88, 0.0039486
DataValue, 0.92, 0.004922
DataValue, 0.96000000000000008, 0.0059408
DataValue, 1, 0.0069938000000000005
DataValue, 1.04, 0.0080768
DataValue, 1.08, 0.009178
DataValue, 1.12, 0.0102964
DataValue, 1.1600000000000001, 0.0114286
DataValue, 1.2, 0.012578
DataValue, 1.24, 0.013720000000000001
DataValue, 1.28, 0.014872000000000002
DataValue, 1.32, 0.016016000000000002
DataValue, 1.36, 0.017158000000000003
DataValue, 1.4000000000000001, 0.018306000000000003
DataValue, 1.4400000000000002, 0.019434000000000003
DataValue, 1.48, 0.020564000000000002
DataValue, 1.52, 0.02168
DataValue, 1.56, 0.022798000000000002
DataValue, 1.6, 0.023882
DataValue, 1.6400000000000001, 0.024978000000000004
DataValue, 1.6800000000000002, 0.026036000000000004
DataValue, 1.72, 0.027108000000000004
DataValue, 1.76, 0.028136
DataValue, 1.8, 0.029162000000000004
DataValue, 1.84, 0.030172
DataValue, 1.8800000000000001, 0.031146000000000004
DataValue, 1.9200000000000002, 0.032086
DataValue, 1.9600000000000002, 0.033012
DataValue, 2, 0.03409